#,Group,Page,URL,Primary keyword,Vol/mo,KD,Secondary keywords,Intent,Work type,Recommend tracking,Jack: in locked set? (yes/no),Note
1,Treatment programs,Programs hub,https://keyhealthcare.com/teen-treatment-programs/,teen treatment center,880,23,adolescent treatment center; teen treatment programs; teen mental health facility; adolescent mental health facility,Commercial,On-page edit,yes,,"Keep on generic 'treatment center' terms; children own RTC/PHP/IOP. Fix H1 'Programsin'. Link down to the new levels-of-care, dual-diagnosis and aftercare pages once built."
2,Treatment programs,Residential (RTC),https://keyhealthcare.com/teen-treatment-programs/residential-treatment/,teen residential treatment,"1,900",29,"teen residential treatment center; residential treatment center for teens; adolescent residential treatment center; teen inpatient mental health; teen psychiatric residential treatment; teen treatment center california (210, KD 69)",Commercial,On-page edit,yes,,"Lead on the national term, keep Malibu as qualifier. California statewide intent covered here, no separate page. 24 Sep local check: 'residential treatment center for teens los angeles' 30; 'teen rehab los angeles' 140 (KD 64, title/meta only per Brain §5)."
3,Treatment programs,PHP,https://keyhealthcare.com/teen-treatment-programs/adolescent-partial-hospitalization-program/,adolescent partial hospitalization program,"1,000",23,teen php program; adolescent php; what is a partial hospitalization program; teen partial hospitalization,Commercial / Informational,On-page edit + consolidate legacy,yes,,Merge /adolescent-partial-hospitalization-program-for-teen/ and 301 (needs client sign-off). Outpatient: ~15 mi of 90064 only. 24 Sep local check: 'partial hospitalization program los angeles' 480 is all-ages - do not target as primary.
4,Treatment programs,IOP,https://keyhealthcare.com/teen-treatment-programs/adolescent-intensive-outpatient-treatment/,teen iop,"1,300",10,adolescent iop; teen intensive outpatient program; adolescent intensive outpatient program; teen outpatient treatment,Commercial,On-page edit,yes,,"Add 'teen iop' to title, H1 and body - fast win, nothing competing. Outpatient: ~15 mi of 90064 only. 24 Sep local check: 'teen iop los angeles' 20; 'iop los angeles' 590 is all-ages."
5,Treatment programs,Pacific Palisades location,https://keyhealthcare.com/pacific-palisades-teen-mental-health-treatment/,pacific palisades teen mental health treatment,-,-,-,Commercial (local),On-page edit,no,,"No measurable volume; justified by the real Key Treatment 2 facility. Keep, do not replicate. Un-orphaning is handled in KEY-38 E1."
6,Mental health,Mental health hub,https://keyhealthcare.com/teen-mental-health/,teen mental health treatment,"1,300",48,(homepage owns C01 head term; hub carries the condition set),Commercial,On-page edit,yes,,Keep homepage on the brand/LA head term and this hub on the condition set to avoid overlap. C01 cannibalisation from /teen-mental-health-treatment-los-angeles-ca/ is resolved on the homepage (needs sign-off).
7,Mental health,Anxiety,https://keyhealthcare.com/teen-mental-health/teen-anxiety/,teen anxiety treatment,"1,300",42,adolescent anxiety treatment; teenage anxiety treatment; teen anxiety treatment center; teen anxiety symptoms,Informational / Commercial,On-page edit + consolidate legacy,yes,,Three-way cannibalisation: merge /teen-anxiety/ and /teen-anxiety-treatment-program-in-los-angeles/ then 301 (needs sign-off). 24 Sep local check: 'anxiety treatment for teens los angeles' 30.
8,Mental health,Depression,https://keyhealthcare.com/teen-mental-health/teen-depression/,teen depression treatment,"1,600",53,teenage depression treatment; adolescent depression treatment; teen depression treatment center; how to help a depressed teenager,Informational / Commercial,On-page edit + consolidate legacy,yes,,Three-way cannibalisation: merge /teen-depression-treatment-los-angeles/ and /teen-depression-guide/ then 301 (needs sign-off).
9,Mental health,Trauma & PTSD,https://keyhealthcare.com/teen-mental-health/trauma-ptsd/,teen trauma treatment,720,22,teen ptsd treatment; adolescent trauma treatment; post traumatic stress disorder in teenagers,Informational / Commercial,On-page edit + consolidate legacy,yes,,'teen ptsd treatment' 480 at KD 6. Merge /teen-trauma-and-ptsd-treatment-los-angeles/ then 301 (needs sign-off).
10,Mental health,Self-harm,https://keyhealthcare.com/teen-mental-health/teen-self-harm/,self harm rehab centers in california,"1,300",7,teen self harm treatment; self harm treatment for teens; teenage self harm help,Commercial,On-page edit,yes,,Quickest win on the site - already position 15. Add California context and internal links. 988 required on page.
11,Mental health,Suicidal ideation,https://keyhealthcare.com/teen-mental-health/teen-suicide/,teen suicidal ideation treatment,0,-,teen suicide prevention treatment,Informational,On-page edit,no,,Do not optimise for traffic. Confirm 988 and crisis signposting present. Highest YMYL sensitivity.
12,Mental health,Social anxiety,https://keyhealthcare.com/teen-mental-health/teen-social-anxiety/,teen social anxiety treatment,10,-,social anxiety in teenagers; prevalence of social anxiety in teenagers,Informational,On-page edit,no,,"Keep for topical completeness and conversion, not traffic."
13,Mental health,Low self-esteem,https://keyhealthcare.com/teen-mental-health/low-self-esteem-in-teens/,low self esteem in teens,140,30,teen low self esteem treatment; building teen self esteem,Informational,On-page edit,yes,,"Supporting page, modest demand."
14,Mental health,LGBTQ+ affirming care,https://keyhealthcare.com/teen-mental-health/teen-lgbtq-mental-health/,lgbtq teen mental health,0,-,affirming care for lgbtq teens,Informational,On-page edit,no,,"Values and fit page, not a traffic page."
15,Mental health,School refusal,https://keyhealthcare.com/teen-mental-health/teen-school-refusal/,school refusal treatment,140,32,teen school refusal; school avoidance treatment; high school phobia treatment,Informational,On-page edit + consolidate legacy,yes,,Merge /teen-school-refusal/ and /blogs/mental-health/high-school-phobia-treatment/ then 301 (needs sign-off).
16,Substance use,Substance use hub,https://keyhealthcare.com/teen-substance-abuse/,teen substance abuse treatment,"1,300",54,adolescent substance abuse treatment; teen drug rehab; teen rehab; adolescent rehab; teen rehab near me,Commercial,On-page edit,yes,,Hardest terms in scope (KD 54-58) - medium term. 'Substance abuse' and 'rehab' in title/meta only (Brain §5). Link to the new dual-diagnosis page once built.
17,Substance use,Alcohol,https://keyhealthcare.com/teen-substance-abuse/teen-alcoholism/,teen alcohol rehab,480,45,teen alcohol treatment; teenage alcoholism treatment,Commercial,On-page edit,yes,,Add 'teen alcohol rehab' to the target set (title/meta).
18,Substance use,Marijuana,https://keyhealthcare.com/teen-substance-abuse/teen-marijuana-addiction/,teen marijuana addiction treatment,110,14,teen weed addiction; teen cannabis treatment,Informational / Commercial,On-page edit + consolidate legacy,yes,,Merge /teen-marijuana-addiction/ then 301 (needs sign-off). 24 Sep local check: 'teen marijuana addiction treatment los angeles' 140 (KD 28) - the best local teen term found. Marijuana is a top presenting issue (Brain §3).
19,Substance use,Opioids,https://keyhealthcare.com/teen-substance-abuse/teen-opioid-addiction/,teen opioid addiction treatment,70,29,teen fentanyl addiction; adolescent opiate addiction treatment,Informational / Commercial,On-page edit + consolidate legacy,yes,,Merge /teen-opioid-addiction/ then 301 (needs sign-off). Heroin decision pending (see gaps). 988 required where overdose is discussed.
20,Substance use,Cocaine,https://keyhealthcare.com/teen-substance-abuse/teen-cocaine-addiction/,teen cocaine addiction treatment,140,14,teen cocaine addiction warning signs; adolescent cocaine treatment,Informational / Commercial,On-page edit,yes,,Winnable at KD 14. Do not over-invest in hard drugs (Brain §8.24).
21,Substance use,Xanax / benzos,https://keyhealthcare.com/teen-substance-abuse/teen-xanax-abuse/,teen xanax addiction,90,40,teen benzo addiction; how to tell if your teen has a xanax addiction,Informational,On-page edit,yes,,Treatment page is sound. Pill-identification blog removal is separate work.
22,Therapies,Therapies hub,https://keyhealthcare.com/teen-therapies/,teen therapies,-,-,-,Informational,On-page edit,no,,Hub for the modality pages. No cluster of its own in KEY-16.
23,Therapies,DBT,https://keyhealthcare.com/teen-therapies/dialectical-behavior-therapy-for-teens/,dbt for teens,"1,000",25,dialectical behavior therapy for teens; dbt therapy for teenagers,Informational,On-page edit,yes,,"Exists, not ranking. On-page and internal links from condition pages."
24,Therapies,Art therapy,https://keyhealthcare.com/teen-therapies/art-therapy/,art therapy for teens,"1,000",25,teen art therapy; art therapy for adolescents,Informational,On-page edit,yes,,Pure optimisation play.
25,Therapies,Yoga therapy,https://keyhealthcare.com/teen-therapies/teen-yoga-therapy/,yoga therapy for teens,"1,000",15,teen yoga therapy; yoga for teenage mental health,Transactional,On-page edit,yes,,Already position 16 - second-quickest win.
26,Therapies,CBT,https://keyhealthcare.com/teen-therapies/teen-cognitive-behavioral-therapy/,cognitive behavioral therapy for teens,720,31,cbt for teens; cbt therapy for teenagers,Informational,On-page edit,yes,,Add 'cbt for teens' (390).
27,Therapies,Family therapy,https://keyhealthcare.com/teen-therapies/teen-family-therapy/,family therapy for teens,390,14,teen family therapy; family therapy program for adolescents,Informational,On-page edit,yes,,Supports 'family therapy from week one'. Orphan duplicate /family-therapy/ is 301'd in KEY-38 F3.
28,Therapies,Group therapy,https://keyhealthcare.com/teen-therapies/teen-group-therapy/,teen group therapy,320,15,group therapy for teenagers; adolescent group therapy,Commercial,On-page edit,yes,,Low difficulty.
29,Therapies,Music therapy,https://keyhealthcare.com/teen-therapies/teen-music-therapy/,music therapy for teens,210,2,teen music therapy,Informational,On-page edit,yes,,KD 2 - lowest difficulty in scope.
30,Therapies,Individual therapy,https://keyhealthcare.com/teen-therapies/teen-individual-therapy/,teen individual therapy,70,7,one-on-one therapy for teens,Commercial,On-page edit,yes,,Supporting content.
31,Therapies,Surf therapy,https://keyhealthcare.com/teen-therapies/teen-surf-therapy/,surf therapy,170,61,surf therapy for teens; ocean therapy adolescents,Informational,On-page edit,yes,,"Keep, do not invest (KD 61). Frame as clinical, never as a Malibu luxury amenity (Brain §2)."
32,Therapies,ACT,https://keyhealthcare.com/teen-therapies/act-for-teens/,acceptance and commitment therapy for teens,70,17,act for teens; act therapy adolescents,Informational,On-page edit,yes,,Supporting modality.
33,New page (gap),Teen therapy & counseling in Los Angeles,/teen-therapy-los-angeles/,teen counseling near me,"2,400",8,teen therapy near me; adolescent therapist near me; mental health facilities for teens near me; teen treatment center near me,Transactional,New copy,after launch,,"Must name 2233 Corinth Ave and state the ~15 mi outpatient radius. Map-pack SERP - pair with the Corinth Ave Google Business Profile. Depends on KEY-16 Q5 (radius, communities) and Q6 (GBP)."
34,New page (gap),Programs for troubled teens,/programs-for-troubled-teens/,programs for troubled teens,"1,600",20,troubled teen programs; boot camp for troubled teens; troubled youth programs near me; teen boot camp alternative,Commercial,New copy,after launch,,APPROVAL NEEDED - conflicts with Content Brain (see checks). Also depends on KEY-16 Q1: the orphaned /boot-camp-alternative/ page.
35,New page (gap),Teen levels of care,/teen-treatment-programs/levels-of-care/,php vs iop,"1,300",11,difference between php and iop; what is residential treatment; levels of care teen mental health,Commercial / Informational,New copy,after launch,,Decision-point page before an admissions call. No dependencies.
36,New page (gap),Teen dual diagnosis treatment,/teen-treatment-programs/dual-diagnosis/,teen dual diagnosis treatment,50,12,adolescent dual diagnosis treatment centers; co-occurring disorders teens,Commercial,New copy,after launch,,"Core positioning (Brain §2), no page owns it. 24 Sep local check: 'dual diagnosis treatment los angeles' 480 is all-ages - secondary on-page mention only."
37,New page (gap),Teen anger management,/teen-mental-health/teen-anger-management/,teen anger management,140,33,teen anger management treatment; anger management for teenagers,Informational,New copy,after launch,,"Rebuild of legacy /teen-anger-management-treatment-los-angeles/ inside the hub, then 301. BLOCKED on KEY-16 Q3 - confirm anger is a treated presenting issue."
38,New page (gap),Teen aftercare & transitions,/teen-treatment-programs/aftercare/,teen aftercare program,-,-,teen transitional living program; teenagers transition after rehabilitation; teen sober living,Informational,New copy,after launch,,"Folds in /teen-aftercare-program/ and /teen-transitional-living-program-after-wilderness/. Built for conversion, not volume. APPROVAL NEEDED on two secondaries (see checks)."
,Blocked,Teen heroin addiction,/teen-substance-abuse/teen-heroin-addiction/,teen heroin addiction treatment,-,-,,,,no,,"Decision (KEY-16 Q7): KEY-16 recommends merging legacy /teen-heroin-addiction-in-los-angeles/ into the opioid page, not a new page."
,Blocked,Teen OCD treatment,/teen-mental-health/teen-ocd/,teen ocd treatment,480,29,,,,no,,BLOCKED - clinical scope unconfirmed (KEY-16 Q3).
,Blocked,Teen eating disorder treatment,/teen-mental-health/teen-eating-disorders/,teen eating disorder treatment,260,29,,,,no,,BLOCKED - clinical scope and licensing unconfirmed (KEY-16 Q3).
,Blocked,Teen ADHD treatment,/teen-mental-health/teen-adhd/,teen adhd treatment,170,36,,,,no,,BLOCKED - clinical scope unconfirmed (KEY-16 Q3).
,Blocked,Teen bipolar treatment,/teen-mental-health/teen-bipolar/,teen bipolar treatment,90,18,,,,no,,BLOCKED - clinical scope unconfirmed (KEY-16 Q3).
